category,view_count
1,3560952.3333333335
10,3118387.0
20,2528987.0
24,1255599.7777777778
17,1132547.5714285714
