category,view_count
24,3000786.6666666665
20,2610010.1428571427
17,2254822.4444444445
1,2077707.25
10,1139685.5833333333
